variable,count,mean,std,min,25%,50%,75%,max,original
dummy1,1000.0,-0.0003257533985638028,0.012016811235372167,-0.0372701283854723,-0.008744886758511074,4.324467112226671e-05,0.008598171955073374,0.0421204895533051,0.012489016195758
dummy2,1000.0,0.0003389350529527249,0.0091065541430197,-0.0287825638923493,-0.0057362267660283255,0.0002761184596118,0.006432490783838625,0.0288372813084993,-0.0075246342248043
x1,1000.0,0.006349390445411213,2.936388601570137,-9.464504325855868,-2.0258051374200536,-0.00014022406684861575,1.81488164915734,28.20309011130366,28.20309011130366
x2,1000.0,0.04800163206945382,7.997389533880118,-25.18003044229284,-5.3035157067180325,0.1804871262739995,5.006257465370071,75.05170956012913,75.05170956012913
x3,1000.0,0.06502395912012877,1.9383868307485033,-6.850797512147164,-1.1587567013159243,0.1232820128501792,1.300221241386581,17.753360500750784,17.753360500750784
